date,feedback,sentiment
2024-01-01,The customer service representative was very helpful and resolved my issue quickly.,positive
2024-01-01,Product broke after two days of use. Very disappointed.,negative
2024-01-02,"Average product, does the job but nothing special.",neutral
2024-01-02,Love the new features! The app is much faster now.,positive
2024-01-03,Couldn't get through to support for hours. Frustrating experience.,negative
2024-01-03,Website is easy to navigate and checkout was smooth.,positive
2024-01-04,Price is too high compared to competitors.,negative
2024-01-04,"Great value for money, excellent quality.",positive
2024-01-05,The delivery was delayed without any notification.,negative
2024-01-05,Product meets expectations but shipping took longer than stated.,neutral
2024-01-06,Amazing customer support team! They went above and beyond.,positive
2024-01-06,Interface is confusing and not user-friendly.,negative
2024-01-07,Good product but installation instructions were unclear.,neutral
2024-01-07,Best purchase I've made this year! Highly recommend.,positive
2024-01-08,System crashed during checkout and lost my cart.,negative
2024-01-08,Quick delivery and product was well-packaged.,positive
2024-01-09,The quality has declined compared to previous versions.,negative
2024-01-09,Reasonable price and good performance.,positive
2024-01-10,"App keeps freezing, needs urgent fixing.",negative
2024-01-10,Outstanding quality and excellent value.,positive
2024-01-01,The customer service representative was very helpful and resolved my issue quickly.,positive
2024-01-01,Product broke after two days of use. Very disappointed.,negative
2024-01-02,"Average product, does the job but nothing special.",neutral
2024-01-02,Love the new features! The app is much faster now.,positive
2024-01-03,Couldn't get through to support for hours. Frustrating experience.,negative
2024-01-03,Website is easy to navigate and checkout was smooth.,positive
2024-01-04,Price is too high compared to competitors.,negative
2024-01-04,"Great value for money, excellent quality.",positive
2024-01-05,The delivery was delayed without any notification.,negative
2024-01-05,Product meets expectations but shipping took longer than stated.,neutral
2024-01-06,Amazing customer support team! They went above and beyond.,positive
2024-01-06,Interface is confusing and not user-friendly.,negative
2024-01-07,Good product but installation instructions were unclear.,neutral
2024-01-07,Best purchase I've made this year! Highly recommend.,positive
2024-01-08,System crashed during checkout and lost my cart.,negative
2024-01-08,Quick delivery and product was well-packaged.,positive
2024-01-09,The quality has declined compared to previous versions.,negative
2024-01-09,Reasonable price and good performance.,positive
2024-01-10,"App keeps freezing, needs urgent fixing.",negative
2024-01-10,Outstanding quality and excellent value.,positive
2024-01-01,The customer service representative was very helpful and resolved my issue quickly.,positive
2024-01-01,Product broke after two days of use. Very disappointed.,negative
2024-01-02,"Average product, does the job but nothing special.",neutral
2024-01-02,Love the new features! The app is much faster now.,positive
2024-01-03,Couldn't get through to support for hours. Frustrating experience.,negative
2024-01-03,Website is easy to navigate and checkout was smooth.,positive
2024-01-04,Price is too high compared to competitors.,negative
2024-01-04,"Great value for money, excellent quality.",positive
2024-01-05,The delivery was delayed without any notification.,negative
2024-01-05,Product meets expectations but shipping took longer than stated.,neutral
2024-01-06,Amazing customer support team! They went above and beyond.,positive
2024-01-06,Interface is confusing and not user-friendly.,negative
2024-01-07,Good product but installation instructions were unclear.,neutral
2024-01-07,Best purchase I've made this year! Highly recommend.,positive
2024-01-08,System crashed during checkout and lost my cart.,negative
2024-01-08,Quick delivery and product was well-packaged.,positive
2024-01-09,The quality has declined compared to previous versions.,negative
2024-01-09,Reasonable price and good performance.,positive
2024-01-10,"App keeps freezing, needs urgent fixing.",negative
2024-01-10,Outstanding quality and excellent value.,positive
2024-01-01,The customer service representative was very helpful and resolved my issue quickly.,positive
2024-01-01,Product broke after two days of use. Very disappointed.,negative
2024-01-02,"Average product, does the job but nothing special.",neutral
2024-01-02,Love the new features! The app is much faster now.,positive
2024-01-03,Couldn't get through to support for hours. Frustrating experience.,negative
2024-01-03,Website is easy to navigate and checkout was smooth.,positive
2024-01-04,Price is too high compared to competitors.,negative
2024-01-04,"Great value for money, excellent quality.",positive
2024-01-05,The delivery was delayed without any notification.,negative
2024-01-05,Product meets expectations but shipping took longer than stated.,neutral
2024-01-06,Amazing customer support team! They went above and beyond.,positive
2024-01-06,Interface is confusing and not user-friendly.,negative
2024-01-07,Good product but installation instructions were unclear.,neutral
2024-01-07,Best purchase I've made this year! Highly recommend.,positive
2024-01-08,System crashed during checkout and lost my cart.,negative
2024-01-08,Quick delivery and product was well-packaged.,positive
2024-01-09,The quality has declined compared to previous versions.,negative
2024-01-09,Reasonable price and good performance.,positive
2024-01-10,"App keeps freezing, needs urgent fixing.",negative
2024-01-10,Outstanding quality and excellent value.,positive
2024-01-01,The customer service representative was very helpful and resolved my issue quickly.,positive
2024-01-01,Product broke after two days of use. Very disappointed.,negative
2024-01-02,"Average product, does the job but nothing special.",neutral
2024-01-02,Love the new features! The app is much faster now.,positive
2024-01-03,Couldn't get through to support for hours. Frustrating experience.,negative
2024-01-03,Website is easy to navigate and checkout was smooth.,positive
2024-01-04,Price is too high compared to competitors.,negative
2024-01-04,"Great value for money, excellent quality.",positive
2024-01-05,The delivery was delayed without any notification.,negative
2024-01-05,Product meets expectations but shipping took longer than stated.,neutral
2024-01-06,Amazing customer support team! They went above and beyond.,positive
2024-01-06,Interface is confusing and not user-friendly.,negative
2024-01-07,Good product but installation instructions were unclear.,neutral
2024-01-07,Best purchase I've made this year! Highly recommend.,positive
2024-01-08,System crashed during checkout and lost my cart.,negative
2024-01-08,Quick delivery and product was well-packaged.,positive
2024-01-09,The quality has declined compared to previous versions.,negative
2024-01-09,Reasonable price and good performance.,positive
2024-01-10,"App keeps freezing, needs urgent fixing.",negative
2024-01-10,Outstanding quality and excellent value.,positive
2024-01-01,The customer service representative was very helpful and resolved my issue quickly.,positive
2024-01-01,Product broke after two days of use. Very disappointed.,negative
2024-01-02,"Average product, does the job but nothing special.",neutral
2024-01-02,Love the new features! The app is much faster now.,positive
2024-01-03,Couldn't get through to support for hours. Frustrating experience.,negative
2024-01-03,Website is easy to navigate and checkout was smooth.,positive
2024-01-04,Price is too high compared to competitors.,negative
2024-01-04,"Great value for money, excellent quality.",positive
2024-01-05,The delivery was delayed without any notification.,negative
2024-01-05,Product meets expectations but shipping took longer than stated.,neutral
2024-01-06,Amazing customer support team! They went above and beyond.,positive
2024-01-06,Interface is confusing and not user-friendly.,negative
2024-01-07,Good product but installation instructions were unclear.,neutral
2024-01-07,Best purchase I've made this year! Highly recommend.,positive
2024-01-08,System crashed during checkout and lost my cart.,negative
2024-01-08,Quick delivery and product was well-packaged.,positive
2024-01-09,The quality has declined compared to previous versions.,negative
2024-01-09,Reasonable price and good performance.,positive
2024-01-10,"App keeps freezing, needs urgent fixing.",negative
2024-01-10,Outstanding quality and excellent value.,positive
2024-01-01,The customer service representative was very helpful and resolved my issue quickly.,positive
2024-01-01,Product broke after two days of use. Very disappointed.,negative
2024-01-02,"Average product, does the job but nothing special.",neutral
2024-01-02,Love the new features! The app is much faster now.,positive
2024-01-03,Couldn't get through to support for hours. Frustrating experience.,negative
2024-01-03,Website is easy to navigate and checkout was smooth.,positive
2024-01-04,Price is too high compared to competitors.,negative
2024-01-04,"Great value for money, excellent quality.",positive
2024-01-05,The delivery was delayed without any notification.,negative
2024-01-05,Product meets expectations but shipping took longer than stated.,neutral
2024-01-06,Amazing customer support team! They went above and beyond.,positive
2024-01-06,Interface is confusing and not user-friendly.,negative
2024-01-07,Good product but installation instructions were unclear.,neutral
2024-01-07,Best purchase I've made this year! Highly recommend.,positive
2024-01-08,System crashed during checkout and lost my cart.,negative
2024-01-08,Quick delivery and product was well-packaged.,positive
2024-01-09,The quality has declined compared to previous versions.,negative
2024-01-09,Reasonable price and good performance.,positive
2024-01-10,"App keeps freezing, needs urgent fixing.",negative
2024-01-10,Outstanding quality and excellent value.,positive
2024-01-01,The customer service representative was very helpful and resolved my issue quickly.,positive
2024-01-01,Product broke after two days of use. Very disappointed.,negative
2024-01-02,"Average product, does the job but nothing special.",neutral
2024-01-02,Love the new features! The app is much faster now.,positive
2024-01-03,Couldn't get through to support for hours. Frustrating experience.,negative
2024-01-03,Website is easy to navigate and checkout was smooth.,positive
2024-01-04,Price is too high compared to competitors.,negative
2024-01-04,"Great value for money, excellent quality.",positive
2024-01-05,The delivery was delayed without any notification.,negative
2024-01-05,Product meets expectations but shipping took longer than stated.,neutral
2024-01-06,Amazing customer support team! They went above and beyond.,positive
2024-01-06,Interface is confusing and not user-friendly.,negative
2024-01-07,Good product but installation instructions were unclear.,neutral
2024-01-07,Best purchase I've made this year! Highly recommend.,positive
2024-01-08,System crashed during checkout and lost my cart.,negative
2024-01-08,Quick delivery and product was well-packaged.,positive
2024-01-09,The quality has declined compared to previous versions.,negative
2024-01-09,Reasonable price and good performance.,positive
2024-01-10,"App keeps freezing, needs urgent fixing.",negative
2024-01-10,Outstanding quality and excellent value.,positive
2024-01-01,The customer service representative was very helpful and resolved my issue quickly.,positive
2024-01-01,Product broke after two days of use. Very disappointed.,negative
2024-01-02,"Average product, does the job but nothing special.",neutral
2024-01-02,Love the new features! The app is much faster now.,positive
2024-01-03,Couldn't get through to support for hours. Frustrating experience.,negative
2024-01-03,Website is easy to navigate and checkout was smooth.,positive
2024-01-04,Price is too high compared to competitors.,negative
2024-01-04,"Great value for money, excellent quality.",positive
2024-01-05,The delivery was delayed without any notification.,negative
2024-01-05,Product meets expectations but shipping took longer than stated.,neutral
2024-01-06,Amazing customer support team! They went above and beyond.,positive
2024-01-06,Interface is confusing and not user-friendly.,negative
2024-01-07,Good product but installation instructions were unclear.,neutral
2024-01-07,Best purchase I've made this year! Highly recommend.,positive
2024-01-08,System crashed during checkout and lost my cart.,negative
2024-01-08,Quick delivery and product was well-packaged.,positive
2024-01-09,The quality has declined compared to previous versions.,negative
2024-01-09,Reasonable price and good performance.,positive
2024-01-10,"App keeps freezing, needs urgent fixing.",negative
2024-01-10,Outstanding quality and excellent value.,positive
2024-01-01,The customer service representative was very helpful and resolved my issue quickly.,positive
2024-01-01,Product broke after two days of use. Very disappointed.,negative
2024-01-02,"Average product, does the job but nothing special.",neutral
2024-01-02,Love the new features! The app is much faster now.,positive
2024-01-03,Couldn't get through to support for hours. Frustrating experience.,negative
2024-01-03,Website is easy to navigate and checkout was smooth.,positive
2024-01-04,Price is too high compared to competitors.,negative
2024-01-04,"Great value for money, excellent quality.",positive
2024-01-05,The delivery was delayed without any notification.,negative
2024-01-05,Product meets expectations but shipping took longer than stated.,neutral
2024-01-06,Amazing customer support team! They went above and beyond.,positive
2024-01-06,Interface is confusing and not user-friendly.,negative
2024-01-07,Good product but installation instructions were unclear.,neutral
2024-01-07,Best purchase I've made this year! Highly recommend.,positive
2024-01-08,System crashed during checkout and lost my cart.,negative
2024-01-08,Quick delivery and product was well-packaged.,positive
2024-01-09,The quality has declined compared to previous versions.,negative
2024-01-09,Reasonable price and good performance.,positive
2024-01-10,"App keeps freezing, needs urgent fixing.",negative
2024-01-10,Outstanding quality and excellent value.,positive
